{
  "project_info": {
    "project_number": "881344509218",
    "project_id": "vehiclehealthcheck-e934a",
    "storage_bucket": "vehiclehealthcheck-e934a.appspot.com"
  },
  "client": [
    {
      "client_info": {
        "mobilesdk_app_id": "1:881344509218:android:ccd1d6bbd8b7014be1617b",
        "android_client_info": {
          "package_name": "com.example.batterytest"
        }
      },
      "oauth_client": [
        {
          "client_id": "881344509218-2s13kc33s9dgsrmr44an7j93ftneattn.apps.googleusercontent.com",
          "client_type": 3
        }
      ],
      "api_key": [
        {
          "current_key": "AIzaSyCsOxWEx3GlyFc5F1Ry4lPSUQbtNdPz3fU"
        }
      ],
      "services": {
        "appinvite_service": {
          "other_platform_oauth_client": [
            {
              "client_id": "881344509218-2s13kc33s9dgsrmr44an7j93ftneattn.apps.googleusercontent.com",
              "client_type": 3
            }
          ]
        }
      }
    },
    {
      "client_info": {
        "mobilesdk_app_id": "1:881344509218:android:95a525cda839bc0be1617b",
        "android_client_info": {
          "package_name": "com.example.emissiontest"
        }
      },
      "oauth_client": [
        {
          "client_id": "881344509218-b48bvnh0o5pmqia2k18vs2ksbaoqi7mq.apps.googleusercontent.com",
          "client_type": 1,
          "android_info": {
            "package_name": "com.example.emissiontest",
            "certificate_hash": "f47363b9791b4fe743da1615b905c1dd142954bd"
          }
        },
        {
          "client_id": "881344509218-2s13kc33s9dgsrmr44an7j93ftneattn.apps.googleusercontent.com",
          "client_type": 3
        }
      ],
      "api_key": [
        {
          "current_key": "AIzaSyCsOxWEx3GlyFc5F1Ry4lPSUQbtNdPz3fU"
        }
      ],
      "services": {
        "appinvite_service": {
          "other_platform_oauth_client": [
            {
              "client_id": "881344509218-2s13kc33s9dgsrmr44an7j93ftneattn.apps.googleusercontent.com",
              "client_type": 3
            }
          ]
        }
      }
    }
  ],
  "configuration_version": "1"
}